pt,SOC_biobert
hypotonia,Nervous system disorders
disseminated intravascular coagulation,Vascular disorders
shock,"Injury, poisoning and procedural complications"
terminal state,Psychiatric disorders
rosacea,Skin and subcutaneous tissue disorders
ulcer,Gastrointestinal disorders
epicondylitis,Musculoskeletal and connective tissue disorders
fistula discharge,General disorders and administration site conditions
malabsorption,Metabolism and nutrition disorders
secretion discharge,Gastrointestinal disorders
attention deficit/hyperactivity disorder,Psychiatric disorders
caesarean section,Surgical and medical procedures
chronic disease,General disorders and administration site conditions
seasonal affective disorder,Psychiatric disorders
disturbance in attention,Psychiatric disorders
keratoacanthoma,Skin and subcutaneous tissue disorders
cyst,Renal and urinary disorders
toxicity to various agents,General disorders and administration site conditions
jaundice,Hepatobiliary disorders
goitre,Renal and urinary disorders
myotonic dystrophy,Musculoskeletal and connective tissue disorders
fistula,General disorders and administration site conditions
induration,General disorders and administration site conditions
haemoptysis,"Respiratory, thoracic and mediastinal disorders"
obstructive airways disorder,"Respiratory, thoracic and mediastinal disorders"
adnexal torsion,Reproductive system and breast disorders
iritis,Eye disorders
mammary duct ectasia,Reproductive system and breast disorders
pleurisy,"Respiratory, thoracic and mediastinal disorders"
appendix disorder,Gastrointestinal disorders
alcoholism,Psychiatric disorders
lymphocyte morphology,Investigations
emphysema,"Respiratory, thoracic and mediastinal disorders"
affect lability,Psychiatric disorders
scab,Skin and subcutaneous tissue disorders
anger,Psychiatric disorders
adhesion,General disorders and administration site conditions
langerhans' cell histiocytosis,Blood and lymphatic system disorders
acrochordon,Cardiac disorders
diabetic dermopathy,Skin and subcutaneous tissue disorders
disorientation,Nervous system disorders
splenomegaly,Hepatobiliary disorders
vasodilatation,Vascular disorders
haemorrhagic diathesis,Vascular disorders
spinal segmental dysfunction,Musculoskeletal and connective tissue disorders
febrile neutropenia,Blood and lymphatic system disorders
arachnoiditis,Nervous system disorders
paranoia,Nervous system disorders
eructation,Skin and subcutaneous tissue disorders
faecaloma,Gastrointestinal disorders
seroma,"Neoplasms benign, malignant and unspecified (incl cysts and polyps)"
tachypnoea,"Respiratory, thoracic and mediastinal disorders"
adenoidal disorder,Reproductive system and breast disorders
snoring,"Respiratory, thoracic and mediastinal disorders"
menorrhagia,Reproductive system and breast disorders
miliaria,Hepatobiliary disorders
aneurysm,Vascular disorders
immunosuppression,Immune system disorders
obstruction,"Respiratory, thoracic and mediastinal disorders"
melaena,Gastrointestinal disorders
periodontitis,Gastrointestinal disorders
multiple system atrophy,Nervous system disorders
pallor,Skin and subcutaneous tissue disorders
immobile,Musculoskeletal and connective tissue disorders
victim of crime,Psychiatric disorders
hiccups,Nervous system disorders
hordeolum,Infections and infestations
bicytopenia,Blood and lymphatic system disorders
neutropenia,Blood and lymphatic system disorders
hyperventilation,"Respiratory, thoracic and mediastinal disorders"
somatic symptom disorder,Psychiatric disorders
effusion,"Respiratory, thoracic and mediastinal disorders"
formication,Skin and subcutaneous tissue disorders
hyperemesis gravidarum,"Pregnancy, puerperium and perinatal conditions"
facial spasm,Nervous system disorders
algophobia,Skin and subcutaneous tissue disorders
coccydynia,"Respiratory, thoracic and mediastinal disorders"
listless,Gastrointestinal disorders
orchitis,Reproductive system and breast disorders
unresponsive to stimuli,General disorders and administration site conditions
somnambulism,Metabolism and nutrition disorders
ecchymosis,Skin and subcutaneous tissue disorders
secondary cerebellar degeneration,Nervous system disorders
postoperative adhesion,General disorders and administration site conditions
helplessness,Psychiatric disorders
volvulus,Vascular disorders
aspartate aminotransferase,Investigations
cystocele,Reproductive system and breast disorders
otitis media acute,"Respiratory, thoracic and mediastinal disorders"
sluggishness,Vascular disorders
multiple organ dysfunction syndrome,"Injury, poisoning and procedural complications"
dysdiadochokinesis,Nervous system disorders
hypertonia,Nervous system disorders
nystagmus,Nervous system disorders
choking,Gastrointestinal disorders
prolapse,Reproductive system and breast disorders
capillary fragility,Vascular disorders
thirst,Metabolism and nutrition disorders
behcet's syndrome,Immune system disorders
calcinosis,Musculoskeletal and connective tissue disorders
spleen disorder,Hepatobiliary disorders
peritonitis,Infections and infestations
hemiparesis,Nervous system disorders
lithiasis,Renal and urinary disorders
dysentery,Gastrointestinal disorders
hypoxia,"Injury, poisoning and procedural complications"
peau d'orange,Skin and subcutaneous tissue disorders
decubitus ulcer,Gastrointestinal disorders
daydreaming,Psychiatric disorders
lentigo maligna,"Neoplasms benign, malignant and unspecified (incl cysts and polyps)"
post inflammatory pigmentation change,Skin and subcutaneous tissue disorders
rhinalgia,"Respiratory, thoracic and mediastinal disorders"
pigmentation disorder,Skin and subcutaneous tissue disorders
varicophlebitis,Vascular disorders
oophoritis,Reproductive system and breast disorders
fibrosis,Hepatobiliary disorders
white matter lesion,Nervous system disorders
asphyxia,"Injury, poisoning and procedural complications"
cyst rupture,Renal and urinary disorders
dysphemia,Nervous system disorders
pupils unequal,Eye disorders
auditory disorder,Ear and labyrinth disorders
ascites,Hepatobiliary disorders
cognitive disorder,Psychiatric disorders
affective disorder,Psychiatric disorders
breath odour,"Respiratory, thoracic and mediastinal disorders"
dacryostenosis acquired,Musculoskeletal and connective tissue disorders
serotonin syndrome,Psychiatric disorders
coagulopathy,Blood and lymphatic system disorders
acute abdomen,Gastrointestinal disorders
mydriasis,Eye disorders
mumps,Gastrointestinal disorders
excessive granulation tissue,General disorders and administration site conditions
suture rupture,Musculoskeletal and connective tissue disorders
atrophic vulvovaginitis,Reproductive system and breast disorders
dysgraphia,Gastrointestinal disorders
epidural injection,General disorders and administration site conditions
polydipsia,Gastrointestinal disorders
osteitis,Musculoskeletal and connective tissue disorders
aggression,Psychiatric disorders
metamorphopsia,Nervous system disorders
spinal fusion acquired,Musculoskeletal and connective tissue disorders
retching,Surgical and medical procedures
stenosis,Vascular disorders
drooling,Gastrointestinal disorders
adventitial cystic disease,Vascular disorders
iridocyclitis,Eye disorders
dactylitis,Musculoskeletal and connective tissue disorders
hunger,Metabolism and nutrition disorders
dyspareunia,Reproductive system and breast disorders
pertussis,Infections and infestations
pancytopenia,Blood and lymphatic system disorders
palmoplantar keratoderma,Skin and subcutaneous tissue disorders
teratoma,"Neoplasms benign, malignant and unspecified (incl cysts and polyps)"
failure to thrive,"Pregnancy, puerperium and perinatal conditions"
henoch-schonlein purpura,Hepatobiliary disorders
leukocytosis,Blood and lymphatic system disorders
purpura,Skin and subcutaneous tissue disorders
drowning,"Injury, poisoning and procedural complications"
spider naevus,Skin and subcutaneous tissue disorders
amblyopia,Eye disorders
disease susceptibility,General disorders and administration site conditions
hyperchlorhydria,Vascular disorders
transfusion,Blood and lymphatic system disorders
discharge,General disorders and administration site conditions
organ failure,Renal and urinary disorders
impaired driving ability,Social circumstances
pustule,Skin and subcutaneous tissue disorders
ehlers-danlos syndrome,Immune system disorders
hypermobility syndrome,Psychiatric disorders
pouchitis,Gastrointestinal disorders
dermoid cyst,Skin and subcutaneous tissue disorders
hermansky-pudlak syndrome,"Congenital, familial and genetic disorders"
subclavian steal syndrome,Vascular disorders
aspiration,Infections and infestations
hypereosinophilic syndrome,Metabolism and nutrition disorders
splinter,Musculoskeletal and connective tissue disorders
keratopathy,Eye disorders
ichthyosis,Skin and subcutaneous tissue disorders
otorrhoea,Gastrointestinal disorders
solar lentigo,Eye disorders
upper airway obstruction,"Respiratory, thoracic and mediastinal disorders"
denture wearer,Social circumstances
pneumatosis,Musculoskeletal and connective tissue disorders
metatarsalgia,Musculoskeletal and connective tissue disorders
necrosis,Musculoskeletal and connective tissue disorders
articular calcification,Musculoskeletal and connective tissue disorders
restlessness,Nervous system disorders
sialoadenitis,Gastrointestinal disorders
pterygium,Eye disorders
myelopathy,Musculoskeletal and connective tissue disorders
lenticular opacities,Eye disorders
adenoiditis,Gastrointestinal disorders
perforation,"Injury, poisoning and procedural complications"
postmenopause,Endocrine disorders
plasmapheresis,Surgical and medical procedures
incoherent,General disorders and administration site conditions
amputee,"Injury, poisoning and procedural complications"
staring,Psychiatric disorders
agoraphobia,Psychiatric disorders
tonsillolith,Gastrointestinal disorders
high frequency ablation,Cardiac disorders
madarosis,Skin and subcutaneous tissue disorders
rales,"Respiratory, thoracic and mediastinal disorders"
presbyopia,Eye disorders
foreign body reaction,"Injury, poisoning and procedural complications"
livedo reticularis,Skin and subcutaneous tissue disorders
dyspraxia,Nervous system disorders
otitis externa,"Respiratory, thoracic and mediastinal disorders"
adnexa uteri cyst,Reproductive system and breast disorders
ligamentitis,Musculoskeletal and connective tissue disorders
catatonia,Psychiatric disorders
delusion,Psychiatric disorders
lid sulcus deepened,Eye disorders
hypospadias,Reproductive system and breast disorders
felty's syndrome,Skin and subcutaneous tissue disorders
trismus,Eye disorders
acquired phimosis,Reproductive system and breast disorders
autism spectrum disorder,Psychiatric disorders
infarction,Nervous system disorders
extrasystoles,Nervous system disorders
peripheral coldness,Vascular disorders
haematological malignancy,"Neoplasms benign, malignant and unspecified (incl cysts and polyps)"
cholestasis,Hepatobiliary disorders
systemic inflammatory response syndrome,Immune system disorders
listeriosis,Infections and infestations
intussusception,Gastrointestinal disorders
myelitis transverse,Infections and infestations
mastitis,Reproductive system and breast disorders
pulse absent,Investigations
thyroglossal cyst,"Respiratory, thoracic and mediastinal disorders"
thymoma,"Neoplasms benign, malignant and unspecified (incl cysts and polyps)"
lithotripsy,Surgical and medical procedures
perforated ulcer,Gastrointestinal disorders
myopathy,Eye disorders
phagocytosis,General disorders and administration site conditions
abulia,Skin and subcutaneous tissue disorders
oroantral fistula,Reproductive system and breast disorders
tissue infiltration,Musculoskeletal and connective tissue disorders
long qt syndrome,Cardiac disorders
physical assault,"Injury, poisoning and procedural complications"
cyanosis,"Respiratory, thoracic and mediastinal disorders"
tearfulness,Eye disorders
prosopagnosia,Nervous system disorders
bartholin's cyst,Renal and urinary disorders
cheilitis,Skin and subcutaneous tissue disorders
huntington's disease,Nervous system disorders
alveolar osteitis,Musculoskeletal and connective tissue disorders
metastasis,"Neoplasms benign, malignant and unspecified (incl cysts and polyps)"
endovenous ablation,Surgical and medical procedures
balanoposthitis,Musculoskeletal and connective tissue disorders
phonophobia,Psychiatric disorders
dyschromatopsia,Nervous system disorders
short-bowel syndrome,Gastrointestinal disorders
body temperature fluctuation,Metabolism and nutrition disorders
monoparesis,Nervous system disorders
dyslexia,Nervous system disorders
traumatic shock,"Injury, poisoning and procedural complications"
multi-organ disorder,"Injury, poisoning and procedural complications"
phlebitis,Vascular disorders
self esteem inflated,Investigations
chalazion,Skin and subcutaneous tissue disorders
labial tie,Gastrointestinal disorders
peritoneal cyst,Renal and urinary disorders
mastoiditis,"Respiratory, thoracic and mediastinal disorders"
ephelides,General disorders and administration site conditions
hypertensive crisis,Vascular disorders
pathogen resistance,Infections and infestations
petechiae,Skin and subcutaneous tissue disorders
salmonellosis,Infections and infestations
myopia,Eye disorders
insurance issue,Product issues
schizophrenia,Psychiatric disorders
dumping syndrome,Gastrointestinal disorders
serum sickness,Immune system disorders
tachyphylaxis,Vascular disorders
neuritis,Nervous system disorders
vitiligo,Skin and subcutaneous tissue disorders
hangover,Psychiatric disorders
stevens-johnson syndrome,Gastrointestinal disorders
soliloquy,Metabolism and nutrition disorders
epiglottitis,"Respiratory, thoracic and mediastinal disorders"
dandruff,Skin and subcutaneous tissue disorders
syringe issue,General disorders and administration site conditions
reading disorder,Nervous system disorders
necrobiosis lipoidica diabeticorum,Skin and subcutaneous tissue disorders
anaphylactoid reaction,Immune system disorders
inappropriate affect,Psychiatric disorders
infertility,Reproductive system and breast disorders
sexually transmitted disease,Infections and infestations
phobia,Psychiatric disorders
hand-foot-and-mouth disease,Gastrointestinal disorders
macule,Eye disorders
asthenopia,Eye disorders
claustrophobia,Psychiatric disorders
suspiciousness,Investigations
hypertrichosis,Musculoskeletal and connective tissue disorders
illusion,Nervous system disorders
obsessive-compulsive disorder,Psychiatric disorders
apathy,Nervous system disorders
grief reaction,Psychiatric disorders
breech presentation,"Pregnancy, puerperium and perinatal conditions"
haemochromatosis,Hepatobiliary disorders
screaming,Psychiatric disorders
distractibility,Psychiatric disorders
guillain-barre syndrome,"Injury, poisoning and procedural complications"
hypomania,Psychiatric disorders
mania,Psychiatric disorders
telangiectasia,Vascular disorders
drug reaction with eosinophilia and systemic symptoms,General disorders and administration site conditions
skull fractured base,Nervous system disorders
retention cyst,Gastrointestinal disorders
acute coronary syndrome,Vascular disorders
hypothermia,Nervous system disorders
hypertrophy,Cardiac disorders
conduction disorder,Nervous system disorders
femoroacetabular impingement,Musculoskeletal and connective tissue disorders
ototoxicity,Ear and labyrinth disorders
mechanical ventilation,Surgical and medical procedures
rectocele,Gastrointestinal disorders
monocytosis,Blood and lymphatic system disorders
strabismus,Eye disorders
hydrocele,Renal and urinary disorders
cerebellar atrophy,Nervous system disorders
posterior capsule opacification,Eye disorders
violence-related symptom,Psychiatric disorders
keratorhexis,Skin and subcutaneous tissue disorders
lymphopenia,Blood and lymphatic system disorders
progressive massive fibrosis,General disorders and administration site conditions
pseudocyst,Gastrointestinal disorders
pickwickian syndrome,Gastrointestinal disorders
botulism,Infections and infestations
divorced,Social circumstances
gynaecomastia,Reproductive system and breast disorders
haemolysis,Blood and lymphatic system disorders
kyphosis,Musculoskeletal and connective tissue disorders
hypercapnia,"Respiratory, thoracic and mediastinal disorders"
lordosis,Musculoskeletal and connective tissue disorders
molluscum contagiosum,Infections and infestations
diaphragmalgia,Musculoskeletal and connective tissue disorders
wrong schedule,General disorders and administration site conditions
vitreal cells,Eye disorders
learning disorder,Nervous system disorders
miller fisher syndrome,Nervous system disorders
hyporeflexia,Nervous system disorders
glare,Eye disorders
parotid gland enlargement,Gastrointestinal disorders
metallosis of globe,Eye disorders
allodynia,Nervous system disorders
cachexia,Metabolism and nutrition disorders
facial wasting,Musculoskeletal and connective tissue disorders
starvation,Metabolism and nutrition disorders
hyperleukocytosis,Blood and lymphatic system disorders
moyamoya disease,Nervous system disorders
acquired hydrocele,Renal and urinary disorders
hypoventilation,"Respiratory, thoracic and mediastinal disorders"
oligodipsia,Gastrointestinal disorders
articular disc disorder,Musculoskeletal and connective tissue disorders
colpocele,Reproductive system and breast disorders
laziness,General disorders and administration site conditions
palmoplantar pustulosis,Skin and subcutaneous tissue disorders
quadriparesis,Nervous system disorders
living in residential institution,Social circumstances
shock hypoglycaemic,Metabolism and nutrition disorders
cholangiolitis,Hepatobiliary disorders
seborrhoea,Gastrointestinal disorders
meconium aspiration syndrome,Gastrointestinal disorders
smallpox,Infections and infestations
agranulocytosis,Blood and lymphatic system disorders
eosinophilia,Blood and lymphatic system disorders
chloroma,"Neoplasms benign, malignant and unspecified (incl cysts and polyps)"
euthanasia,"Injury, poisoning and procedural complications"
extrapyramidal disorder,Nervous system disorders
odontogenic cyst,Musculoskeletal and connective tissue disorders
stubbornness,Psychiatric disorders
meteoropathy,Skin and subcutaneous tissue disorders
ependymoma,"Neoplasms benign, malignant and unspecified (incl cysts and polyps)"
otitis media,"Respiratory, thoracic and mediastinal disorders"
torticollis,Nervous system disorders
contraindication to vaccination,General disorders and administration site conditions
nonspecific reaction,General disorders and administration site conditions
motion sickness,Nervous system disorders
microcephaly,"Congenital, familial and genetic disorders"
achromotrichia acquired,Eye disorders
dysbiosis,Gastrointestinal disorders
alcohol detoxification,Surgical and medical procedures
epididymitis,Reproductive system and breast disorders
heat exhaustion,General disorders and administration site conditions
steatorrhoea,Gastrointestinal disorders
debridement,Musculoskeletal and connective tissue disorders
toxoplasmosis,Infections and infestations
accommodation disorder,Eye disorders
empyema,Infections and infestations
pudendal canal syndrome,Gastrointestinal disorders
hypopnoea,"Respiratory, thoracic and mediastinal disorders"
bed rest,Social circumstances
oculogyric crisis,Eye disorders
clot retraction,Vascular disorders
eschar,Skin and subcutaneous tissue disorders
meniscal degeneration,Musculoskeletal and connective tissue disorders
metrorrhagia,Gastrointestinal disorders
tinea versicolour,Skin and subcutaneous tissue disorders
pulseless electrical activity,Nervous system disorders
schwannoma,"Neoplasms benign, malignant and unspecified (incl cysts and polyps)"
hyperthermia,General disorders and administration site conditions
miosis,Nervous system disorders
trigeminal neuritis,Nervous system disorders
anisocytosis,Blood and lymphatic system disorders
mean cell haemoglobin,Investigations
bruxism,Musculoskeletal and connective tissue disorders
atypical haemolytic uraemic syndrome,Renal and urinary disorders
alveolitis,"Respiratory, thoracic and mediastinal disorders"
enterobiasis,Gastrointestinal disorders
apgar score low,Investigations
atrophy,Musculoskeletal and connective tissue disorders
seminoma,"Neoplasms benign, malignant and unspecified (incl cysts and polyps)"
poor personal hygiene,General disorders and administration site conditions
omphalitis,Infections and infestations
angular cheilitis,Skin and subcutaneous tissue disorders
local reaction,General disorders and administration site conditions
metaplasia,"Neoplasms benign, malignant and unspecified (incl cysts and polyps)"
tourette's disorder,Psychiatric disorders
amyloidosis,Metabolism and nutrition disorders
kawasaki's disease,Infections and infestations
tinea pedis,Skin and subcutaneous tissue disorders
conversion disorder,Psychiatric disorders
"delusional disorder, unspecified type",Psychiatric disorders
dorsal ramus syndrome,Musculoskeletal and connective tissue disorders
polyserositis,Gastrointestinal disorders
menstruation irregular,Reproductive system and breast disorders
dystonia,Nervous system disorders
growth disorder,"Congenital, familial and genetic disorders"
communication disorder,Psychiatric disorders
varicella,Cardiac disorders
maculopathy,Eye disorders
colporrhaphy,Vascular disorders
adenoidal hypertrophy,Reproductive system and breast disorders
lymphangitis,Vascular disorders
mastication disorder,Gastrointestinal disorders
injection related reaction,General disorders and administration site conditions
clinically isolated syndrome,Psychiatric disorders
atlantoaxial instability,Musculoskeletal and connective tissue disorders
spinal instability,Musculoskeletal and connective tissue disorders
immediate post-injection reaction,General disorders and administration site conditions
cerebellar syndrome,Nervous system disorders
leptospirosis,Infections and infestations
atlantoaxial subluxation,Musculoskeletal and connective tissue disorders
electrocution,"Injury, poisoning and procedural complications"
haemodialysis,Surgical and medical procedures
cauda equina syndrome,Musculoskeletal and connective tissue disorders
ketosis,Metabolism and nutrition disorders
cryptitis,Gastrointestinal disorders
housebound,Social circumstances
struck by lightning,"Injury, poisoning and procedural complications"
thyrotoxic crisis,Endocrine disorders
myoclonus,Nervous system disorders
citrate toxicity,Metabolism and nutrition disorders
cleft palate,"Respiratory, thoracic and mediastinal disorders"
inability to afford medication,General disorders and administration site conditions
haemolytic uraemic syndrome,Renal and urinary disorders
right ventricle outflow tract obstruction,Cardiac disorders
lipohypertrophy,Skin and subcutaneous tissue disorders
adenovirus reactivation,Infections and infestations
hypermetropia,Eye disorders
nosophobia,Psychiatric disorders
carotidynia,Reproductive system and breast disorders
adjustment disorder,Psychiatric disorders
disuse syndrome,Musculoskeletal and connective tissue disorders
epispadias,Skin and subcutaneous tissue disorders
electric shock,"Injury, poisoning and procedural complications"
schizophreniform disorder,Psychiatric disorders
persecutory delusion,Psychiatric disorders
haemoperitoneum,"Respiratory, thoracic and mediastinal disorders"
astigmatism,Eye disorders
trichiasis,Eye disorders
tachyphrenia,Renal and urinary disorders
crest syndrome,Musculoskeletal and connective tissue disorders
idiosyncratic drug reaction,General disorders and administration site conditions
levator syndrome,Musculoskeletal and connective tissue disorders
red man syndrome,Nervous system disorders
compartment syndrome,Musculoskeletal and connective tissue disorders
intermittent claudication,Vascular disorders
retroperitoneal fibrosis,Renal and urinary disorders
cns ventriculitis,Cardiac disorders
myelosuppression,"Neoplasms benign, malignant and unspecified (incl cysts and polyps)"
foreign body ingestion,"Injury, poisoning and procedural complications"
growth retardation,"Congenital, familial and genetic disorders"
serositis,Gastrointestinal disorders
in vitro fertilisation,Reproductive system and breast disorders
creutzfeldt-jakob disease,Nervous system disorders
tinea cruris,Skin and subcutaneous tissue disorders
shock symptom,General disorders and administration site conditions
sarcopenia,Musculoskeletal and connective tissue disorders
hypovolaemic shock,"Injury, poisoning and procedural complications"
monomelic amyotrophy,Nervous system disorders
hydrocholecystis,Hepatobiliary disorders
virologic failure,General disorders and administration site conditions
otitis media chronic,"Respiratory, thoracic and mediastinal disorders"
basedow's disease,Musculoskeletal and connective tissue disorders
human ehrlichiosis,Infections and infestations
cirrhosis alcoholic,Hepatobiliary disorders
keratoconus,Eye disorders
prurigo,Skin and subcutaneous tissue disorders
haematospermia,Reproductive system and breast disorders
body dysmorphic disorder,Psychiatric disorders
myelofibrosis,Blood and lymphatic system disorders
rectourethral fistula,Gastrointestinal disorders
acute phase reaction,General disorders and administration site conditions
dehiscence,Surgical and medical procedures
mast cell activation syndrome,Immune system disorders
mediastinitis,"Respiratory, thoracic and mediastinal disorders"
ventricle rupture,Cardiac disorders
animal attack,"Injury, poisoning and procedural complications"
arnold-chiari malformation,Musculoskeletal and connective tissue disorders
premature rupture of membranes,"Pregnancy, puerperium and perinatal conditions"
tinea capitis,Skin and subcutaneous tissue disorders
vestibulitis,Nervous system disorders
paradoxical drug reaction,General disorders and administration site conditions
cerebellar infarction,Nervous system disorders
tissue irritation,General disorders and administration site conditions
peristalsis visible,Investigations
faecal calprotectin,Gastrointestinal disorders
palatal disorder,General disorders and administration site conditions
cogan's syndrome,Gastrointestinal disorders
apallic syndrome,Nervous system disorders
bowen's disease,Gastrointestinal disorders
pharmacophobia,Psychiatric disorders
dysphoria,Nervous system disorders
palindromic rheumatism,Musculoskeletal and connective tissue disorders
coronary ostial stenosis,Vascular disorders
macrocytosis,Blood and lymphatic system disorders
skull malformation,Nervous system disorders
language disorder,Nervous system disorders
overlap syndrome,Immune system disorders
prognathism,Musculoskeletal and connective tissue disorders
aortitis salmonella,Vascular disorders
hypochromasia,Metabolism and nutrition disorders
aura,Nervous system disorders
vogt-koyanagi-harada disease,Nervous system disorders
fanconi syndrome,Ear and labyrinth disorders
pus in stool,Gastrointestinal disorders
pyelocaliectasis,Renal and urinary disorders
enuresis,Renal and urinary disorders
preterm premature rupture of membranes,"Pregnancy, puerperium and perinatal conditions"
caffeine consumption,Social circumstances
haematotoxicity,General disorders and administration site conditions
flat affect,Skin and subcutaneous tissue disorders
intraocular pressure fluctuation,Eye disorders
wagner's disease,Musculoskeletal and connective tissue disorders
leprosy,Infections and infestations
enterocele,Gastrointestinal disorders
exercise lack of,Metabolism and nutrition disorders
facial paresis,Nervous system disorders
horner's syndrome,Nervous system disorders
foreign body,Musculoskeletal and connective tissue disorders
diastasis recti abdominis,Gastrointestinal disorders
quarantine,General disorders and administration site conditions
pupillary disorder,Eye disorders
marjolin's ulcer,Gastrointestinal disorders
salt craving,Psychiatric disorders
hyponatraemic syndrome,Metabolism and nutrition disorders
phimosis,Reproductive system and breast disorders
micrognathia,Musculoskeletal and connective tissue disorders
retrognathia,Musculoskeletal and connective tissue disorders
cervicitis,"Pregnancy, puerperium and perinatal conditions"
amoebic dysentery,Gastrointestinal disorders
trichorrhexis,Skin and subcutaneous tissue disorders
urinoma,Renal and urinary disorders
hypoperfusion,Vascular disorders
mucocutaneous disorder,Gastrointestinal disorders
enlarged uvula,Renal and urinary disorders
hla-b*27 assay,Investigations
neuritis cranial,Nervous system disorders
impatience,Psychiatric disorders
hypobarism,Metabolism and nutrition disorders
homicide,Psychiatric disorders
adiposis dolorosa,Metabolism and nutrition disorders
acquired haemophilia,Blood and lymphatic system disorders
acanthoma,"Neoplasms benign, malignant and unspecified (incl cysts and polyps)"
body temperature,Metabolism and nutrition disorders
facial asymmetry,Skin and subcutaneous tissue disorders
amaurosis fugax,Eye disorders
hyperpyrexia,Metabolism and nutrition disorders
erythromelalgia,Renal and urinary disorders
moaning,Psychiatric disorders
loss of employment,Social circumstances
syphilis,Infections and infestations
clubbing,Skin and subcutaneous tissue disorders
autoinflammatory disease,Immune system disorders
hyperreflexia,Vascular disorders
paraparesis,Nervous system disorders
haemodynamic instability,Vascular disorders
cholesteatoma,Musculoskeletal and connective tissue disorders
detoxification,General disorders and administration site conditions
cor pulmonale acute,"Respiratory, thoracic and mediastinal disorders"
myelitis,Infections and infestations
hypercoagulation,Vascular disorders
immunoglobulin g4 related disease,Immune system disorders
gender dysphoria,Psychiatric disorders
spinocerebellar disorder,Nervous system disorders
chordoma,"Neoplasms benign, malignant and unspecified (incl cysts and polyps)"
dermatochalasis,Skin and subcutaneous tissue disorders
hemimegalencephaly,Nervous system disorders
polymicrogyria,Nervous system disorders
anhedonia,Psychiatric disorders
tic,Nervous system disorders
enanthema,Skin and subcutaneous tissue disorders
endothelial dysfunction,Vascular disorders
inadequate analgesia,General disorders and administration site conditions
varicocele,Reproductive system and breast disorders
schizoaffective disorder,Psychiatric disorders
jaundice cholestatic,Hepatobiliary disorders
measles,Infections and infestations
lipodystrophy acquired,Metabolism and nutrition disorders
granulocytopenia,Blood and lymphatic system disorders
cytopenia,Blood and lymphatic system disorders
resuscitation,"Injury, poisoning and procedural complications"
apnoeic attack,"Respiratory, thoracic and mediastinal disorders"
trendelenburg's symptom,Nervous system disorders
syndactyly,Musculoskeletal and connective tissue disorders
uterovaginal prolapse,Reproductive system and breast disorders
acanthosis,Musculoskeletal and connective tissue disorders
somatic dysfunction,General disorders and administration site conditions
erythropsia,Blood and lymphatic system disorders
amniorrhoea,"Pregnancy, puerperium and perinatal conditions"
blau syndrome,Eye disorders
toxic shock syndrome,"Injury, poisoning and procedural complications"
alcohol problem,Psychiatric disorders
malocclusion,Musculoskeletal and connective tissue disorders
collagen disorder,Musculoskeletal and connective tissue disorders
eagle's syndrome,Nervous system disorders
diffuse alveolar damage,"Respiratory, thoracic and mediastinal disorders"
logorrhoea,Gastrointestinal disorders
insulin resistance,Metabolism and nutrition disorders
aptyalism,Psychiatric disorders
hypopyon,Eye disorders
angiodysplasia,"Neoplasms benign, malignant and unspecified (incl cysts and polyps)"
fuchs' syndrome,Reproductive system and breast disorders
regurgitation,Cardiac disorders
haemorrhagic disorder,Vascular disorders
boredom,Psychiatric disorders
monoclonal gammopathy,Metabolism and nutrition disorders
homicidal ideation,Psychiatric disorders
morphoea,Gastrointestinal disorders
meniscus cyst,Musculoskeletal and connective tissue disorders
prepuce redundant,Reproductive system and breast disorders
immobilisation syndrome,Musculoskeletal and connective tissue disorders
adhesiolysis,Surgical and medical procedures
neutrophilia,Blood and lymphatic system disorders
piloerection,Skin and subcutaneous tissue disorders
locomotive syndrome,Musculoskeletal and connective tissue disorders
autophobia,Psychiatric disorders
cor pulmonale,"Respiratory, thoracic and mediastinal disorders"
unmasking of previously unidentified disease,General disorders and administration site conditions
disorder of sex development,"Congenital, familial and genetic disorders"
paresis,Nervous system disorders
haemophilia,Blood and lymphatic system disorders
alcoholic,Metabolism and nutrition disorders
clonus,Nervous system disorders
stag horn calculus,Renal and urinary disorders
discouragement,General disorders and administration site conditions
dissociative disorder,Psychiatric disorders
peritoneal disorder,Infections and infestations
pash syndrome,Skin and subcutaneous tissue disorders
sapho syndrome,Nervous system disorders
diapedesis,Skin and subcutaneous tissue disorders
hangnail,Skin and subcutaneous tissue disorders
rabies,Infections and infestations
intertrigo,Skin and subcutaneous tissue disorders
exaggerated startle response,Investigations
meibomian gland dysfunction,Endocrine disorders
autonomic dysreflexia,Vascular disorders
secondary amyloidosis,Metabolism and nutrition disorders
von willebrand's disease,Vascular disorders
priapism,Reproductive system and breast disorders
human anaplasmosis,Infections and infestations
chillblains,Gastrointestinal disorders
gilbert's syndrome,Endocrine disorders
hypogonadism,Reproductive system and breast disorders
thoracic outlet syndrome,Musculoskeletal and connective tissue disorders
asymmetric gluteal fold,Musculoskeletal and connective tissue disorders
stridor,"Respiratory, thoracic and mediastinal disorders"
diastolic dysfunction,Cardiac disorders
lead dislodgement,Metabolism and nutrition disorders
amoebiasis,Infections and infestations
gammopathy,Metabolism and nutrition disorders
diaphragmatic disorder,Musculoskeletal and connective tissue disorders
catheter management,Surgical and medical procedures
cyanosis central,Nervous system disorders
vitritis,Eye disorders
cytokine storm,Immune system disorders
haematidrosis,Skin and subcutaneous tissue disorders
social problem,Psychiatric disorders
strangury,Vascular disorders
empty sella syndrome,Nervous system disorders
may-thurner syndrome,Immune system disorders
chronic pigmented purpura,Skin and subcutaneous tissue disorders
hyperthecosis,"Neoplasms benign, malignant and unspecified (incl cysts and polyps)"
acupuncture,General disorders and administration site conditions
nuchal rigidity,"Pregnancy, puerperium and perinatal conditions"
lymphangiectasia,Vascular disorders
tissue discolouration,Musculoskeletal and connective tissue disorders
haemorrhagic cyst,Vascular disorders
epidermolysis bullosa,Skin and subcutaneous tissue disorders
crown lengthening,Musculoskeletal and connective tissue disorders
vestibular disorder,Nervous system disorders
narcolepsy,Nervous system disorders
chronotropic incompetence,Cardiac disorders
multimorbidity,Psychiatric disorders
alcohol septal ablation,Cardiac disorders
sedation,Psychiatric disorders
giardiasis,Infections and infestations
haemophobia,General disorders and administration site conditions
spina bifida,Musculoskeletal and connective tissue disorders
alice in wonderland syndrome,Skin and subcutaneous tissue disorders
injection,General disorders and administration site conditions
organ donor,Surgical and medical procedures
acquired epidermolysis bullosa,Skin and subcutaneous tissue disorders
anovulatory cycle,Reproductive system and breast disorders
precocious puberty,Endocrine disorders
piriformis syndrome,Nervous system disorders
galactostasis,Metabolism and nutrition disorders
job dissatisfaction,Social circumstances
salpingitis,Reproductive system and breast disorders
trichophytosis,Skin and subcutaneous tissue disorders
amusia,Gastrointestinal disorders
arachnoid cyst,Nervous system disorders
lipoinjection,"Injury, poisoning and procedural complications"
hemianopia,Nervous system disorders
cuboid syndrome,Nervous system disorders
high intensity focused ultrasound,Investigations
dermatophytosis,Skin and subcutaneous tissue disorders
dermo-hypodermitis,Skin and subcutaneous tissue disorders
arachnoid web,Nervous system disorders
collagen-vascular disease,Vascular disorders
macrocornea,Eye disorders
digeorge's syndrome,Gastrointestinal disorders
hypokalaemic syndrome,Metabolism and nutrition disorders
minimal residual disease,"Neoplasms benign, malignant and unspecified (incl cysts and polyps)"
time perception altered,Investigations
negativism,Psychiatric disorders
cryptococcosis,Infections and infestations
anotia,Gastrointestinal disorders
eccrine squamous syringometaplasia,"Neoplasms benign, malignant and unspecified (incl cysts and polyps)"
dysmetria,Eye disorders
castleman's disease,Endocrine disorders
pleocytosis,Blood and lymphatic system disorders
pineal gland cyst,Endocrine disorders
urethritis,Renal and urinary disorders
stomal varices,Gastrointestinal disorders
neovascularisation,Vascular disorders
hypertensive urgency,Vascular disorders
perianal cyst,Gastrointestinal disorders
psoas sign,Investigations
chorea,Nervous system disorders
visuospatial deficit,Nervous system disorders
post ablation syndrome,General disorders and administration site conditions
periodontal disease,Gastrointestinal disorders
colo-urethral fistula,Renal and urinary disorders
shock haemorrhagic,Vascular disorders
parotitis,"Respiratory, thoracic and mediastinal disorders"
near drowning,"Injury, poisoning and procedural complications"
ammonia,Investigations
areflexia,Nervous system disorders
spinal claudication,Musculoskeletal and connective tissue disorders
atrophy of globe,Eye disorders
carcinogenicity,General disorders and administration site conditions
parinaud syndrome,Skin and subcutaneous tissue disorders
intraneural cyst,Nervous system disorders
hypertensive emergency,Vascular disorders
american trypanosomiasis,Infections and infestations
multisystem inflammatory syndrome in children,Immune system disorders
clumsiness,Nervous system disorders
xxx syndrome,"Congenital, familial and genetic disorders"
transfusion reaction,General disorders and administration site conditions
plica syndrome,Musculoskeletal and connective tissue disorders
iron overload,Metabolism and nutrition disorders
aneurysm ruptured,Vascular disorders
acromegaly,Endocrine disorders
lupus miliaris disseminatus faciei,Immune system disorders
bradypnoea,"Respiratory, thoracic and mediastinal disorders"
water pollution,General disorders and administration site conditions
salpingo-oophoritis,Reproductive system and breast disorders
evans syndrome,Immune system disorders
disseminated aspergillosis,Infections and infestations
scapholunate dissociation,Musculoskeletal and connective tissue disorders
elephantiasis,Gastrointestinal disorders
sebaceous gland disorder,Skin and subcutaneous tissue disorders
lipoatrophy,Metabolism and nutrition disorders
lacunar infarction,Nervous system disorders
loss of proprioception,Nervous system disorders
blebitis,Eye disorders
palpable purpura,Reproductive system and breast disorders
tattoo,Skin and subcutaneous tissue disorders
passive smoking,Social circumstances
vitello-intestinal duct remnant,Gastrointestinal disorders
bereavement,Psychiatric disorders
thought blocking,Psychiatric disorders
calciphylaxis,Vascular disorders
melkersson-rosenthal syndrome,Immune system disorders
trichodynia,Skin and subcutaneous tissue disorders
scintillating scotoma,Eye disorders
tanning,Skin and subcutaneous tissue disorders
central auditory processing disorder,Nervous system disorders
vaccination failure,General disorders and administration site conditions
angiokeratoma,Skin and subcutaneous tissue disorders
plagiocephaly,Nervous system disorders
anovulvar fistula,Reproductive system and breast disorders
paravalvular regurgitation,Cardiac disorders
ipex syndrome,Skin and subcutaneous tissue disorders
thalamic infarction,Nervous system disorders
multisystem inflammatory syndrome,Immune system disorders
hyphaema,Infections and infestations
secondary syphilis,Infections and infestations
cyclitic membrane,Skin and subcutaneous tissue disorders
gliosis,Nervous system disorders
polyglandular disorder,Reproductive system and breast disorders
fallot's tetralogy,Cardiac disorders
lhermitte's sign,Nervous system disorders
cystic fibrosis,"Respiratory, thoracic and mediastinal disorders"
vulvitis,Reproductive system and breast disorders
papulopustular rosacea,Skin and subcutaneous tissue disorders
cholera,Hepatobiliary disorders
pyramidal tract syndrome,Nervous system disorders
spinal flattening,Musculoskeletal and connective tissue disorders
parotid duct obstruction,Gastrointestinal disorders
vasculitic ulcer,Vascular disorders
entropion,Nervous system disorders
macrodactyly,Musculoskeletal and connective tissue disorders
rosai-dorfman syndrome,Immune system disorders
fetishism,Nervous system disorders
illiteracy,Social circumstances
obsessive thoughts,Psychiatric disorders
exfoliation syndrome,Skin and subcutaneous tissue disorders
hyperresponsive to stimuli,General disorders and administration site conditions
vulvovaginitis,Reproductive system and breast disorders
amniorrhexis,Surgical and medical procedures
sickle cell disease,Blood and lymphatic system disorders
atopy,Immune system disorders
anisocoria,Skin and subcutaneous tissue disorders
mastoid disorder,"Respiratory, thoracic and mediastinal disorders"
plague,Infections and infestations
body tinea,Skin and subcutaneous tissue disorders
factor viii inhibition,Investigations
dacryocanaliculitis,Vascular disorders
haematosalpinx,Reproductive system and breast disorders
hydrosalpinx,Reproductive system and breast disorders
antibiotic prophylaxis,General disorders and administration site conditions
menstruation delayed,Reproductive system and breast disorders
systolic dysfunction,Cardiac disorders
alanine aminotransferase,Investigations
complement factor c3,Investigations
vulvovaginitis streptococcal,Reproductive system and breast disorders
ovulation disorder,Reproductive system and breast disorders
phlebitis superficial,Vascular disorders
remission not achieved,General disorders and administration site conditions
delayed puberty,Endocrine disorders
sarcoid-like reaction,Immune system disorders
capillary leak syndrome,Vascular disorders
activated protein c resistance,Metabolism and nutrition disorders
brown-sequard syndrome,Skin and subcutaneous tissue disorders
contrast media reaction,Immune system disorders
school refusal,Social circumstances
confabulation,Musculoskeletal and connective tissue disorders
expulsion of medication,General disorders and administration site conditions
venomous sting,"Injury, poisoning and procedural complications"
incorrect dosage administered,Investigations
executive dysfunction,Nervous system disorders
reaction to preservatives,General disorders and administration site conditions
mutism,Musculoskeletal and connective tissue disorders
medication dilution,General disorders and administration site conditions
ejaculation disorder,Reproductive system and breast disorders
epididymal cyst,Reproductive system and breast disorders
yawning,Nervous system disorders
xerosis,Skin and subcutaneous tissue disorders
ventriculo-peritoneal shunt,Cardiac disorders
epiploic appendagitis,Gastrointestinal disorders
tetany,Nervous system disorders
peritoneal perforation,Renal and urinary disorders
transposition of the great vessels,Vascular disorders
dermabrasion,Skin and subcutaneous tissue disorders
zoonosis,Infections and infestations
water intoxication,"Injury, poisoning and procedural complications"
branchial cyst,Vascular disorders
tissue rupture,Musculoskeletal and connective tissue disorders
splenitis,Hepatobiliary disorders
trichiniasis,Infections and infestations
rubella,Infections and infestations
depilation,Surgical and medical procedures
marital problem,Psychiatric disorders
ebola disease,Infections and infestations
freeman-sheldon syndrome,Immune system disorders
dwarfism,"Congenital, familial and genetic disorders"
lentigo,Eye disorders
bubonic plague,Infections and infestations
sickle cell trait,Blood and lymphatic system disorders
interchange of vaccine products,Product issues
gonorrhoea,Infections and infestations
hypersplenism,Metabolism and nutrition disorders
bleeding time shortened,Investigations
chiropractic,Nervous system disorders
excessive dietary fibre intake,Metabolism and nutrition disorders
gianotti-crosti syndrome,Nervous system disorders
myxoid cyst,Hepatobiliary disorders
thanatophobia,Psychiatric disorders
hemianopia homonymous,Nervous system disorders
selective mutism,Nervous system disorders
uvulitis,Renal and urinary disorders
temperature regulation disorder,General disorders and administration site conditions
low density lipoprotein,Investigations
mastocytosis,Blood and lymphatic system disorders
galactorrhoea,Gastrointestinal disorders
delusional perception,Psychiatric disorders
ectrodactyly,Musculoskeletal and connective tissue disorders
growth failure,General disorders and administration site conditions
lemierre syndrome,Vascular disorders
aerophobia,Skin and subcutaneous tissue disorders
perthes disease,Musculoskeletal and connective tissue disorders
wrong dosage formulation,Product issues
contraceptive diaphragm,Reproductive system and breast disorders
haematocrit,Investigations
occupational physical problem,Social circumstances
incomplete spinal fusion,Musculoskeletal and connective tissue disorders
bartholin's gland disorder,Endocrine disorders
sphincter of oddi dysfunction,Renal and urinary disorders
trichotillomania,Psychiatric disorders
circumcision,Surgical and medical procedures
job change,Social circumstances
meniscopathy,Musculoskeletal and connective tissue disorders
trigger points,General disorders and administration site conditions
fasting,Metabolism and nutrition disorders
cyclothymic disorder,Psychiatric disorders
chronic cheek biting,Skin and subcutaneous tissue disorders
monkeypox,Infections and infestations
spinal support,Musculoskeletal and connective tissue disorders
gaucher's disease,Metabolism and nutrition disorders
child syndrome,"Congenital, familial and genetic disorders"
cannabinoid hyperemesis syndrome,Nervous system disorders
enostosis,Musculoskeletal and connective tissue disorders
dissociation,Psychiatric disorders
haemophilia carrier,"Congenital, familial and genetic disorders"
spinal retrolisthesis,Musculoskeletal and connective tissue disorders
fumbling,Gastrointestinal disorders
coital bleeding,"Pregnancy, puerperium and perinatal conditions"
body modification,Metabolism and nutrition disorders
apraxia,Nervous system disorders
aversion,"Congenital, familial and genetic disorders"
hypermutation,"Congenital, familial and genetic disorders"
syndesmophyte,Musculoskeletal and connective tissue disorders
strongyloidiasis,Infections and infestations
vasoconstriction,Vascular disorders
vexas syndrome,Musculoskeletal and connective tissue disorders
omphalorrhexis,Musculoskeletal and connective tissue disorders
papillitis,Infections and infestations
stiff person syndrome,Nervous system disorders
self-medication,Psychiatric disorders
scaphoid abdomen,Gastrointestinal disorders
educational problem,Psychiatric disorders
cyst aspiration,"Respiratory, thoracic and mediastinal disorders"
gitelman's syndrome,Renal and urinary disorders
asbestosis,"Respiratory, thoracic and mediastinal disorders"
karnofsky scale,Investigations
mediastinal disorder,"Respiratory, thoracic and mediastinal disorders"
extramammary paget's disease,Reproductive system and breast disorders
idiopathic inflammatory myopathy,Musculoskeletal and connective tissue disorders
colopathy,Nervous system disorders
menometrorrhagia,Reproductive system and breast disorders
varicose ulceration,Vascular disorders
linear iga disease,Skin and subcutaneous tissue disorders
miscarriage of partner,"Pregnancy, puerperium and perinatal conditions"
cellulite,Infections and infestations
pseudophakia,Eye disorders
anorgasmia,Metabolism and nutrition disorders
enthesophyte,Musculoskeletal and connective tissue disorders
multicentric reticulohistiocytosis,Blood and lymphatic system disorders
ectropion,Musculoskeletal and connective tissue disorders
graves' disease,Musculoskeletal and connective tissue disorders
vulvar erosion,Reproductive system and breast disorders
ligamentum flavum hypertrophy,Musculoskeletal and connective tissue disorders
iridocele,Eye disorders
ranula,Skin and subcutaneous tissue disorders
myringitis,Ear and labyrinth disorders
hyperglycaemic crisis,Metabolism and nutrition disorders
tenolysis,Musculoskeletal and connective tissue disorders
specialist consultation,General disorders and administration site conditions
pupillary reflex impaired,Eye disorders
charles bonnet syndrome,"Respiratory, thoracic and mediastinal disorders"
vulva cyst,Reproductive system and breast disorders
aortitis,Vascular disorders
meibomianitis,Infections and infestations
chromatopsia,Hepatobiliary disorders
roux loop conversion,Surgical and medical procedures
meralgia paraesthetica,Nervous system disorders
myiasis,Eye disorders
neutralising antibodies,Investigations
craniosynostosis,Nervous system disorders
callus formation delayed,Musculoskeletal and connective tissue disorders
peritoneal lesion,Gastrointestinal disorders
rhinolithiasis,"Respiratory, thoracic and mediastinal disorders"
jarisch-herxheimer reaction,Nervous system disorders
post vaccination syndrome,General disorders and administration site conditions
indifference,Metabolism and nutrition disorders
gluteus medius syndrome,Musculoskeletal and connective tissue disorders
dacryolith,Eye disorders
shunt occlusion,Nervous system disorders
sinoatrial block,Cardiac disorders
lymphocele,Gastrointestinal disorders
bartholinitis,Infections and infestations
paracentesis,Surgical and medical procedures
loefgren syndrome,Immune system disorders
toxic shock syndrome streptococcal,Infections and infestations
coarctation of the aorta,Vascular disorders
gerstmann's syndrome,Nervous system disorders
stasis syndrome,Vascular disorders
alveolar proteinosis,"Respiratory, thoracic and mediastinal disorders"
necrobiosis,Metabolism and nutrition disorders
vibration syndrome,Nervous system disorders
charcot-leyden crystals,Renal and urinary disorders
turner's syndrome,Nervous system disorders
asplenia,Hepatobiliary disorders
caudal regression syndrome,Nervous system disorders
naevus flammeus,Skin and subcutaneous tissue disorders
polychromasia,Blood and lymphatic system disorders
rest regimen,General disorders and administration site conditions
inferiority complex,"Congenital, familial and genetic disorders"
milia,Skin and subcutaneous tissue disorders
pachydermoperiostosis,Musculoskeletal and connective tissue disorders
intrusive thoughts,Psychiatric disorders
enamel anomaly,Gastrointestinal disorders
thecal sac compression,Gastrointestinal disorders
distributive shock,Cardiac disorders
poncet's disease,"Respiratory, thoracic and mediastinal disorders"
corticobasal degeneration,Nervous system disorders
urea cycle disorder,Renal and urinary disorders
paraphimosis,Infections and infestations
pseudostroke,Nervous system disorders
carbuncle,Vascular disorders
grunting,"Respiratory, thoracic and mediastinal disorders"
visceral congestion,Gastrointestinal disorders
os trigonum,"Respiratory, thoracic and mediastinal disorders"
plasmacytosis,Blood and lymphatic system disorders
pica,Skin and subcutaneous tissue disorders
focal peritonitis,Infections and infestations
herbal toxicity,"Injury, poisoning and procedural complications"
carcinoid syndrome,"Neoplasms benign, malignant and unspecified (incl cysts and polyps)"
medical aid in dying,General disorders and administration site conditions
spontaneous rupture of membranes,General disorders and administration site conditions
vessel perforation,Vascular disorders
arrhythmic storm,Vascular disorders
slow response to stimuli,Nervous system disorders
refraction disorder,Eye disorders
aphakia,Eye disorders
enterorrhaphy,Gastrointestinal disorders
kinesiophobia,Psychiatric disorders
yao syndrome,Nervous system disorders
rhesus incompatibility,Immune system disorders
electrocauterisation,Surgical and medical procedures
aorta hypoplasia,Vascular disorders
antisynthetase syndrome,Metabolism and nutrition disorders
failed in vitro fertilisation,Reproductive system and breast disorders
murine typhus,Infections and infestations
derealisation,Skin and subcutaneous tissue disorders
second primary malignancy,"Neoplasms benign, malignant and unspecified (incl cysts and polyps)"
epiglottis dysfunction,"Respiratory, thoracic and mediastinal disorders"
cytotoxic lesions of corpus callosum,Nervous system disorders
foreign body aspiration,"Injury, poisoning and procedural complications"
achenbach syndrome,Nervous system disorders
mycetoma mycotic,Infections and infestations
encephalomalacia,Nervous system disorders
periphlebitis,Vascular disorders
hypotony maculopathy,Eye disorders
magnetic resonance imaging,Investigations
toxocariasis,Infections and infestations
vasospasm,Vascular disorders
granulocytosis,Blood and lymphatic system disorders
otosalpingitis,Reproductive system and breast disorders
aortoenteric fistula,Vascular disorders
dural tear,Nervous system disorders
reaction to excipient,General disorders and administration site conditions
orthopnoea,"Respiratory, thoracic and mediastinal disorders"
bankart lesion,"Injury, poisoning and procedural complications"
omental infarction,Gastrointestinal disorders
